{
  "value": {
    "('Variables and Operations', 'prior', 'default')": 0.2003959645,
    "('Variables and Operations', 'learns', 'OBJ2000')": 0.0000296922,
    "('Variables and Operations', 'learns', 'OBJ2100')": 0.0235259377,
    "('Variables and Operations', 'guesses', 'OBJ2000')": 0.1155490297,
    "('Variables and Operations', 'guesses', 'OBJ2100')": 0.1235829627,
    "('Variables and Operations', 'slips', 'OBJ2000')": 0.3267335023,
    "('Variables and Operations', 'slips', 'OBJ2100')": 0.6477836375,
    "('Variables and Operations', 'forgets', 'OBJ2000')": 0.0,
    "('Variables and Operations', 'forgets', 'OBJ2100')": 0.0,
    "('Strings', 'prior', 'default')": 0.6214080864,
    "('Strings', 'learns', 'OBJ2000')": 0.1274891892,
    "('Strings', 'learns', 'OBJ2100')": 0.0716581433,
    "('Strings', 'guesses', 'OBJ2000')": 0.0000000019,
    "('Strings', 'guesses', 'OBJ2100')": 0.009554031,
    "('Strings', 'slips', 'OBJ2000')": 0.5272128115,
    "('Strings', 'slips', 'OBJ2100')": 0.6213707159,
    "('Strings', 'forgets', 'OBJ2000')": 0.0,
    "('Strings', 'forgets', 'OBJ2100')": 0.0,
    "('If-Else', 'prior', 'default')": 0.8446801737,
    "('If-Else', 'learns', 'OBJ2000')": 0.0198359278,
    "('If-Else', 'learns', 'OBJ2100')": 0.0000328381,
    "('If-Else', 'guesses', 'OBJ2000')": 2.610494468e-17,
    "('If-Else', 'guesses', 'OBJ2100')": 0.0136476695,
    "('If-Else', 'slips', 'OBJ2000')": 0.3332226226,
    "('If-Else', 'slips', 'OBJ2100')": 0.5450368694,
    "('If-Else', 'forgets', 'OBJ2000')": 0.0,
    "('If-Else', 'forgets', 'OBJ2100')": 0.0,
    "('Arrays', 'prior', 'default')": 0.2870609643,
    "('Arrays', 'learns', 'OBJ2000')": 0.4999198719,
    "('Arrays', 'learns', 'OBJ2100')": 0.0000267987,
    "('Arrays', 'guesses', 'OBJ2000')": 0.9998388,
    "('Arrays', 'guesses', 'OBJ2100')": 0.185898471,
    "('Arrays', 'slips', 'OBJ2000')": 0.9999991592,
    "('Arrays', 'slips', 'OBJ2100')": 0.249761342,
    "('Arrays', 'forgets', 'OBJ2000')": 0.0,
    "('Arrays', 'forgets', 'OBJ2100')": 0.0,
    "('While Loops', 'prior', 'default')": 0.0701808056,
    "('While Loops', 'learns', 'OBJ2000')": 0.0277695058,
    "('While Loops', 'learns', 'OBJ2100')": 0.0002315035,
    "('While Loops', 'guesses', 'OBJ2000')": 0.5470301279,
    "('While Loops', 'guesses', 'OBJ2100')": 0.1650801081,
    "('While Loops', 'slips', 'OBJ2000')": 0.4371963111,
    "('While Loops', 'slips', 'OBJ2100')": 0.2548204965,
    "('While Loops', 'forgets', 'OBJ2000')": 0.0,
    "('While Loops', 'forgets', 'OBJ2100')": 0.0,
    "('Boolean Expressions', 'prior', 'default')": 0.681660806,
    "('Boolean Expressions', 'learns', 'OBJ2000')": 0.9999786368,
    "('Boolean Expressions', 'learns', 'OBJ2100')": 0.000020134,
    "('Boolean Expressions', 'guesses', 'OBJ2000')": 0.0140138003,
    "('Boolean Expressions', 'guesses', 'OBJ2100')": 0.1781344691,
    "('Boolean Expressions', 'slips', 'OBJ2000')": 0.2627126918,
    "('Boolean Expressions', 'slips', 'OBJ2100')": 0.4300265887,
    "('Boolean Expressions', 'forgets', 'OBJ2000')": 0.0,
    "('Boolean Expressions', 'forgets', 'OBJ2100')": 0.0,
    "('Objects and Classes', 'prior', 'default')": 0.0000000012,
    "('Objects and Classes', 'learns', 'OBJ2000')": 0.2,
    "('Objects and Classes', 'learns', 'OBJ2100')": 0.3964926662,
    "('Objects and Classes', 'learns', 'OBj2100')": 1.0,
    "('Objects and Classes', 'guesses', 'OBJ2000')": 5.820667663e-17,
    "('Objects and Classes', 'guesses', 'OBJ2100')": 0.0000180827,
    "('Objects and Classes', 'guesses', 'OBj2100')": 1.0,
    "('Objects and Classes', 'slips', 'OBJ2000')": 0.0,
    "('Objects and Classes', 'slips', 'OBJ2100')": 0.6991904645,
    "('Objects and Classes', 'slips', 'OBj2100')": 1.0,
    "('Objects and Classes', 'forgets', 'OBJ2000')": 0.0,
    "('Objects and Classes', 'forgets', 'OBJ2100')": 0.0,
    "('Objects and Classes', 'forgets', 'OBj2100')": 0.0,
    "('For Loops', 'prior', 'default')": 0.2529679088,
    "('For Loops', 'learns', 'OBJ2000')": 1.0,
    "('For Loops', 'learns', 'OBJ2100')": 0.0000013569,
    "('For Loops', 'guesses', 'OBJ2000')": 3.044498787e-243,
    "('For Loops', 'guesses', 'OBJ2100')": 0.4229698162,
    "('For Loops', 'slips', 'OBJ2000')": 0.5221071505,
    "('For Loops', 'slips', 'OBJ2100')": 0.2013366411,
    "('For Loops', 'forgets', 'OBJ2000')": 0.0,
    "('For Loops', 'forgets', 'OBJ2100')": 0.0,
    "('Nested Loops', 'prior', 'default')": 0.2149415451,
    "('Nested Loops', 'learns', 'OBJ2000')": 0.9689380433,
    "('Nested Loops', 'learns', 'OBJ2100')": 0.0015435687,
    "('Nested Loops', 'guesses', 'OBJ2000')": 0.635193954,
    "('Nested Loops', 'guesses', 'OBJ2100')": 0.2099213113,
    "('Nested Loops', 'slips', 'OBJ2000')": 1.0,
    "('Nested Loops', 'slips', 'OBJ2100')": 0.2163034271,
    "('Nested Loops', 'forgets', 'OBJ2000')": 0.0,
    "('Nested Loops', 'forgets', 'OBJ2100')": 0.0,
    "('Inheritance', 'prior', 'default')": 0.1568268795,
    "('Inheritance', 'learns', 'OBJ2000')": 0.0835180509,
    "('Inheritance', 'learns', 'OBJ2100')": 0.1570617199,
    "('Inheritance', 'guesses', 'OBJ2000')": 0.0,
    "('Inheritance', 'guesses', 'OBJ2100')": 0.010834432,
    "('Inheritance', 'slips', 'OBJ2000')": 1.0,
    "('Inheritance', 'slips', 'OBJ2100')": 0.3142569543,
    "('Inheritance', 'forgets', 'OBJ2000')": 0.0,
    "('Inheritance', 'forgets', 'OBJ2100')": 0.0,
    "('ArrayLists', 'prior', 'default')": 0.3493153646,
    "('ArrayLists', 'learns', 'OBJ2000')": 0.00075094,
    "('ArrayLists', 'learns', 'OBJ2100')": 0.2952652766,
    "('ArrayLists', 'guesses', 'OBJ2000')": 0.0,
    "('ArrayLists', 'guesses', 'OBJ2100')": 0.0408190882,
    "('ArrayLists', 'slips', 'OBJ2000')": 1.0,
    "('ArrayLists', 'slips', 'OBJ2100')": 0.7182527487,
    "('ArrayLists', 'forgets', 'OBJ2000')": 0.0,
    "('ArrayLists', 'forgets', 'OBJ2100')": 0.0,
    "('Two-Dimensional Arrays', 'prior', 'default')": 0.0340458656,
    "('Two-Dimensional Arrays', 'learns', 'OBJ2000')": 0.5001373012,
    "('Two-Dimensional Arrays', 'learns', 'OBJ2100')": 0.000000365,
    "('Two-Dimensional Arrays', 'guesses', 'OBJ2000')": 1.0,
    "('Two-Dimensional Arrays', 'guesses', 'OBJ2100')": 0.2529098478,
    "('Two-Dimensional Arrays', 'slips', 'OBJ2000')": 0.9998581453,
    "('Two-Dimensional Arrays', 'slips', 'OBJ2100')": 0.0000495036,
    "('Two-Dimensional Arrays', 'forgets', 'OBJ2000')": 0.0,
    "('Two-Dimensional Arrays', 'forgets', 'OBJ2100')": 0.0,
    "('Exception handling', 'prior', 'default')": 0.2150406114,
    "('Exception handling', 'learns', 'OBJ2000')": 0.0570572799,
    "('Exception handling', 'learns', 'OBJ2100')": 0.0165465591,
    "('Exception handling', 'guesses', 'OBJ2000')": 0.0,
    "('Exception handling', 'guesses', 'OBJ2100')": 0.1444987518,
    "('Exception handling', 'slips', 'OBJ2000')": 1.0,
    "('Exception handling', 'slips', 'OBJ2100')": 0.7939345048,
    "('Exception handling', 'forgets', 'OBJ2000')": 0.0,
    "('Exception handling', 'forgets', 'OBJ2100')": 0.0,
    "('File processing', 'prior', 'default')": 0.1831063185,
    "('File processing', 'learns', 'OBJ2000')": 0.22199848,
    "('File processing', 'learns', 'OBJ2100')": 0.3957786758,
    "('File processing', 'guesses', 'OBJ2000')": 0.0,
    "('File processing', 'guesses', 'OBJ2100')": 0.1050704636,
    "('File processing', 'slips', 'OBJ2000')": 1.0,
    "('File processing', 'slips', 'OBJ2100')": 0.3317813912,
    "('File processing', 'forgets', 'OBJ2000')": 0.0,
    "('File processing', 'forgets', 'OBJ2100')": 0.0
  }
}
