{"value":{"('Variables and Operations', 'prior', 'default')":0.4410743097,"('Variables and Operations', 'learns', 'OBJ2000')":0.0463555922,"('Variables and Operations', 'learns', 'OBJ2100')":0.0736731604,"('Variables and Operations', 'guesses', 'OBJ2000')":0.0583509329,"('Variables and Operations', 'guesses', 'OBJ2100')":0.0912797732,"('Variables and Operations', 'slips', 'OBJ2000')":0.4350253814,"('Variables and Operations', 'slips', 'OBJ2100')":0.4019553348,"('Variables and Operations', 'forgets', 'OBJ2000')":0.1121892938,"('Variables and Operations', 'forgets', 'OBJ2100')":0.1072385349,"('Strings', 'prior', 'default')":0.6739120188,"('Strings', 'learns', 'OBJ2000')":0.0965581384,"('Strings', 'learns', 'OBJ2100')":0.1528539008,"('Strings', 'guesses', 'OBJ2000')":0.0147052948,"('Strings', 'guesses', 'OBJ2100')":0.0261295045,"('Strings', 'slips', 'OBJ2000')":0.5861483436,"('Strings', 'slips', 'OBJ2100')":0.4760527098,"('Strings', 'forgets', 'OBJ2000')":0.1889950988,"('Strings', 'forgets', 'OBJ2100')":0.1366328454,"('Arrays', 'prior', 'default')":0.3479691632,"('Arrays', 'learns', 'OBJ2000')":0.2246962278,"('Arrays', 'learns', 'OBJ2100')":0.2285651972,"('Arrays', 'guesses', 'OBJ2000')":0.0842992407,"('Arrays', 'guesses', 'OBJ2100')":0.1309536994,"('Arrays', 'slips', 'OBJ2000')":0.1599582296,"('Arrays', 'slips', 'OBJ2100')":0.1297674219,"('Arrays', 'forgets', 'OBJ2000')":0.8419456751,"('Arrays', 'forgets', 'OBJ2100')":0.6911197458,"('If-Else', 'prior', 'default')":0.8236614034,"('If-Else', 'learns', 'OBJ2000')":0.0164452799,"('If-Else', 'learns', 'OBJ2100')":0.0359766005,"('If-Else', 'guesses', 'OBJ2000')":0.0442739938,"('If-Else', 'guesses', 'OBJ2100')":0.0773115567,"('If-Else', 'slips', 'OBJ2000')":0.3006542245,"('If-Else', 'slips', 'OBJ2100')":0.4114357777,"('If-Else', 'forgets', 'OBJ2000')":0.1142377861,"('If-Else', 'forgets', 'OBJ2100')":0.1106603355,"('While Loops', 'prior', 'default')":0.3514229549,"('While Loops', 'learns', 'OBJ2000')":0.0602931663,"('While Loops', 'learns', 'OBJ2100')":0.089309693,"('While Loops', 'guesses', 'OBJ2000')":0.0485717365,"('While Loops', 'guesses', 'OBJ2100')":0.0845638595,"('While Loops', 'slips', 'OBJ2000')":0.3151795416,"('While Loops', 'slips', 'OBJ2100')":0.2730974328,"('While Loops', 'forgets', 'OBJ2000')":0.1896963247,"('While Loops', 'forgets', 'OBJ2100')":0.2198927361,"('ArrayLists', 'prior', 'default')":0.4370308748,"('ArrayLists', 'learns', 'OBJ2000')":0.407333956,"('ArrayLists', 'learns', 'OBJ2100')":0.3429552036,"('ArrayLists', 'guesses', 'OBJ2000')":0.0865689642,"('ArrayLists', 'guesses', 'OBJ2100')":0.0646513202,"('ArrayLists', 'slips', 'OBJ2000')":0.369933459,"('ArrayLists', 'slips', 'OBJ2100')":0.4190967619,"('ArrayLists', 'forgets', 'OBJ2000')":0.6600969988,"('ArrayLists', 'forgets', 'OBJ2100')":0.6810047788,"('Inheritance', 'prior', 'default')":0.325,"('Inheritance', 'learns', 'OBJ2000')":0.0833333333,"('Inheritance', 'learns', 'OBJ2100')":0.1724128897,"('Inheritance', 'guesses', 'OBJ2000')":1.429896389e-111,"('Inheritance', 'guesses', 'OBJ2100')":3.107834985e-83,"('Inheritance', 'slips', 'OBJ2000')":0.0,"('Inheritance', 'slips', 'OBJ2100')":0.1875832238,"('Inheritance', 'forgets', 'OBJ2000')":1.000516599e-28,"('Inheritance', 'forgets', 'OBJ2100')":0.1285505177,"('Objects and Classes', 'prior', 'default')":0.222324866,"('Objects and Classes', 'learns', 'OBJ2000')":0.092730205,"('Objects and Classes', 'learns', 'OBJ2100')":0.0739457774,"('Objects and Classes', 'guesses', 'OBJ2000')":0.0988226869,"('Objects and Classes', 'guesses', 'OBJ2100')":0.0890998887,"('Objects and Classes', 'slips', 'OBJ2000')":0.0235035824,"('Objects and Classes', 'slips', 'OBJ2100')":0.0407174541,"('Objects and Classes', 'forgets', 'OBJ2000')":0.3945016093,"('Objects and Classes', 'forgets', 'OBJ2100')":0.4507489911,"('Two-Dimensional Arrays', 'prior', 'default')":0.2283024764,"('Two-Dimensional Arrays', 'learns', 'OBJ2000')":0.0503650416,"('Two-Dimensional Arrays', 'learns', 'OBJ2100')":0.0713707334,"('Two-Dimensional Arrays', 'guesses', 'OBJ2000')":0.1414327568,"('Two-Dimensional Arrays', 'guesses', 'OBJ2100')":0.1320271512,"('Two-Dimensional Arrays', 'slips', 'OBJ2000')":0.0718593573,"('Two-Dimensional Arrays', 'slips', 'OBJ2100')":0.1066338113,"('Two-Dimensional Arrays', 'forgets', 'OBJ2000')":0.3555017994,"('Two-Dimensional Arrays', 'forgets', 'OBJ2100')":0.3340165608,"('Nested Loops', 'prior', 'default')":0.5247296687,"('Nested Loops', 'learns', 'OBJ2000')":0.0394232659,"('Nested Loops', 'learns', 'OBJ2100')":0.0386251941,"('Nested Loops', 'guesses', 'OBJ2000')":0.075750134,"('Nested Loops', 'guesses', 'OBJ2100')":0.0511641216,"('Nested Loops', 'slips', 'OBJ2000')":0.2489679884,"('Nested Loops', 'slips', 'OBJ2100')":0.2431088289,"('Nested Loops', 'forgets', 'OBJ2000')":0.4095778132,"('Nested Loops', 'forgets', 'OBJ2100')":0.3664503214,"('For Loops', 'prior', 'default')":0.570982636,"('For Loops', 'learns', 'OBJ2000')":0.319771526,"('For Loops', 'learns', 'OBJ2100')":0.2834812807,"('For Loops', 'guesses', 'OBJ2000')":0.1615199561,"('For Loops', 'guesses', 'OBJ2100')":0.1856723288,"('For Loops', 'slips', 'OBJ2000')":0.5188033857,"('For Loops', 'slips', 'OBJ2100')":0.4286046288,"('For Loops', 'forgets', 'OBJ2000')":0.2091995498,"('For Loops', 'forgets', 'OBJ2100')":0.2129267319,"('Boolean Expressions', 'prior', 'default')":0.6824219559,"('Boolean Expressions', 'learns', 'OBJ2000')":0.0613763836,"('Boolean Expressions', 'learns', 'OBJ2100')":0.0385136993,"('Boolean Expressions', 'guesses', 'OBJ2000')":0.129109408,"('Boolean Expressions', 'guesses', 'OBJ2100')":0.0992214914,"('Boolean Expressions', 'slips', 'OBJ2000')":0.3293204538,"('Boolean Expressions', 'slips', 'OBJ2100')":0.3624372799,"('Boolean Expressions', 'forgets', 'OBJ2000')":0.1024153826,"('Boolean Expressions', 'forgets', 'OBJ2100')":0.1352203306,"('Exception handling', 'prior', 'default')":0.3308394714,"('Exception handling', 'learns', 'OBJ2000')":0.0883179207,"('Exception handling', 'learns', 'OBJ2100')":0.0883179207,"('Exception handling', 'guesses', 'OBJ2000')":0.0,"('Exception handling', 'guesses', 'OBJ2100')":0.1437851899,"('Exception handling', 'slips', 'OBJ2000')":1.0,"('Exception handling', 'slips', 'OBJ2100')":0.8030064116,"('Exception handling', 'forgets', 'OBJ2000')":0.650017803,"('Exception handling', 'forgets', 'OBJ2100')":0.650017803,"('File processing', 'prior', 'default')":0.4031361583,"('File processing', 'learns', 'OBJ2000')":0.246279429,"('File processing', 'learns', 'OBJ2100')":0.246279429,"('File processing', 'guesses', 'OBJ2000')":0.0,"('File processing', 'guesses', 'OBJ2100')":0.2987305949,"('File processing', 'slips', 'OBJ2000')":1.0,"('File processing', 'slips', 'OBJ2100')":0.6981779535,"('File processing', 'forgets', 'OBJ2000')":0.3275121527,"('File processing', 'forgets', 'OBJ2100')":0.3275121527}}